Sponsors,Number of influencers sponsored,11/17/17 8:36,,11/17/17 8:37,,2017-11-17 08:37,
twitter.com,303,twitter.com,58,twitter.com,58,twitter.com,58
youtube.com,270,youtube.com,52,youtube.com,52,youtube.com,52
twitch.tv,208,twitch.tv,42,twitch.tv,42,twitch.tv,42
twitchalerts.com,142,twitch.streamlabs.com,41,twitch.streamlabs.com,41,twitch.streamlabs.com,41
facebook.com,128,facebook.com,22,facebook.com,22,facebook.com,22
twitch.streamlabs.com,121,instagram.com,20,instagram.com,20,instagram.com,20
secure.twitch.tv,95,discordapp.com,17,discordapp.com,17,discordapp.com,17
instagram.com,88,amazon.com,13,amazon.com,13,amazon.com,13
discord.gg,84,docs.google.com,7,docs.google.com,7,docs.google.com,7
amazon.com,54,designbyhumans.com,7,designbyhumans.com,7,designbyhumans.com,7
steamcommunity.com,49,t.redshell.io,6,t.redshell.io,6,t.redshell.io,6
patreon.com,28,streamlabs.com,5,streamlabs.com,5,streamlabs.com,5
docs.google.com,27,hyperx.gg,5,hyperx.gg,5,hyperx.gg,5
streamlabs.com,26,cyberpowerpc.com,5,cyberpowerpc.com,5,cyberpowerpc.com,5
designbyhumans.com,25,teespring.com,4,teespring.com,4,teespring.com,4
discordapp.com,21,patreon.com,4,patreon.com,4,patreon.com,4
,20,tiltify.com,3,tiltify.com,3,tiltify.com,3
twitchemotes.com,18,streamtip.com,3,streamtip.com,3,streamtip.com,3
amazon.co.uk,18,steamcommunity.com,3,steamcommunity.com,3,steamcommunity.com,3
streamtip.com,15,snapchat.com,3,snapchat.com,3,snapchat.com,3
pastebin.com,14,secretlab.co,3,secretlab.co,3,secretlab.co,3
reddit.com,13,reddit.com,3,reddit.com,3,reddit.com,3
imgur.com,13,monsterenergy.com,3,monsterenergy.com,3,monsterenergy.com,3
amazon.de,13,intotheam.com,3,intotheam.com,3,intotheam.com,3
hyperx.gg,12,esports.htc.com,3,esports.htc.com,3,esports.htc.com,3
twitch.amazon.com,11,amazon.de,3,amazon.de,3,amazon.de,3
teespring.com,11,amazon.co.uk,3,amazon.co.uk,3,amazon.co.uk,3
greenmangaming.com,11,affiliates.digitalriver.com,3,affiliates.digitalriver.com,3,affiliates.digitalriver.com,3
help.twitch.tv,10,,3,,3,,3
cyberpowerpc.com,10,vrv.co,2,vrv.co,2,vrv.co,2
amazon.ca,10,teepublic.com,2,teepublic.com,2,teepublic.com,2
open.spotify.com,9,t-mobile.com,2,t-mobile.com,2,t-mobile.com,2
i.imgur.com,9,steelseries.7eer.net,2,steelseries.7eer.net,2,steelseries.7eer.net,2
humblebundle.com,9,soylent.com,2,soylent.com,2,soylent.com,2
asus.com,9,scufgaming.com,2,scufgaming.com,2,scufgaming.com,2
youtu.be,8,pastebin.com,2,pastebin.com,2,pastebin.com,2
streamelements.com,8,newegg.com,2,newegg.com,2,newegg.com,2
speedrun.com,8,massdrop.com,2,massdrop.com,2,massdrop.com,2
meundies.com,8,kappa.ly,2,kappa.ly,2,kappa.ly,2
gfuel.com,8,intel.com,2,intel.com,2,intel.com,2
amzn.com,8,ibuypower.com,2,ibuypower.com,2,ibuypower.com,2
vk.com,7,gfuel.com,2,gfuel.com,2,gfuel.com,2
us.battle.net,7,en.wikipedia.org,2,en.wikipedia.org,2,en.wikipedia.org,2
tinyurl.com,7,digitalstorm.com,2,digitalstorm.com,2,digitalstorm.com,2
snapchat.com,7,corsair.com,2,corsair.com,2,corsair.com,2
play.esea.net,7,blog.twitch.tv,2,blog.twitch.tv,2,blog.twitch.tv,2
intotheam.com,7,audio-technica.com,2,audio-technica.com,2,audio-technica.com,2
astrogaming.com,7,asus.com,2,asus.com,2,asus.com,2
teepublic.com,6,astrogaming.com,2,astrogaming.com,2,astrogaming.com,2
gamingforgood.net,6,ask.fm,2,ask.fm,2,ask.fm,2
e.lga.to,6,zowie.benq.com,1,zowie.benq.com,1,zowie.benq.com,1
curse.com,6,youtube.streamlabs.com,1,youtube.streamlabs.com,1,youtube.streamlabs.com,1
u.muxy.io,5,winter.dreamhack.com,1,winter.dreamhack.com,1,winter.dreamhack.com,1
tkqlhce.com,5,vertagear.com,1,vertagear.com,1,vertagear.com,1
store.steampowered.com,5,us.msi.com,1,us.msi.com,1,us.msi.com,1
soundcloud.com,5,us.battle.net,1,us.battle.net,1,us.battle.net,1
secretlab.co,5,twiter.com,1,twiter.com,1,twiter.com,1
scufgaming.com,5,twitchemotes.com,1,twitchemotes.com,1,twitchemotes.com,1
kontrolfreek.com,5,twitch.amazon.com,1,twitch.amazon.com,1,twitch.amazon.com,1
gawkbox.com,5,twip.kr,1,twip.kr,1,twip.kr,1
gamewisp.com,5,turtlebeach.com,1,turtlebeach.com,1,turtlebeach.com,1
g2a.com,5,troydan.com,1,troydan.com,1,troydan.com,1
dropbox.com,5,trick2g.org,1,trick2g.org,1,trick2g.org,1
dpbolvw.net,5,torontohumanesociety.com,1,torontohumanesociety.com,1,torontohumanesociety.com,1
dbh.la,5,tl.gg,1,tl.gg,1,tl.gg,1
corsair.com,5,timmac.tv,1,timmac.tv,1,timmac.tv,1
chrono.gg,5,tempostorm.com,1,tempostorm.com,1,tempostorm.com,1
ask.fm,5,tempo-storm.myshopify.com,1,tempo-storm.myshopify.com,1,tempo-storm.myshopify.com,1
amzn.to,5,teamliquidpro.com,1,teamliquidpro.com,1,teamliquidpro.com,1
tipeeestream.com,4,teamlg.myshopify.com,1,teamlg.myshopify.com,1,teamlg.myshopify.com,1
steelseries.7eer.net,4,sybergaming.com,1,sybergaming.com,1,sybergaming.com,1
overclockers.co.uk,4,swiftor.tv,1,swiftor.tv,1,swiftor.tv,1
obsproject.com,4,streamtip.me,1,streamtip.me,1,streamtip.me,1
madrinascoffee.com,4,streamdonations.net,1,streamdonations.net,1,streamdonations.net,1
geico.com,4,strafe.com,1,strafe.com,1,strafe.com,1
eu.battle.net,4,store.solomid.net,1,store.solomid.net,1,store.solomid.net,1
esports.htc.com,4,store.dreamhack.com,1,store.dreamhack.com,1,store.dreamhack.com,1
dxracer.com,4,store.cloud9.gg,1,store.cloud9.gg,1,store.cloud9.gg,1
donationalerts.ru,4,store.clgaming.net,1,store.clgaming.net,1,store.clgaming.net,1
c9.gg,4,steelseries.com,1,steelseries.com,1,steelseries.com,1
tsmshop.com,3,steelseri.es,1,steelseri.es,1,steelseri.es,1
team-dignitas.net,3,starsleeps.tumblr.com,1,starsleeps.tumblr.com,1,starsleeps.tumblr.com,1
t-mobile.com,3,stack-up.org,1,stack-up.org,1,stack-up.org,1
steelseries.com,3,speedrun.com,1,speedrun.com,1,speedrun.com,1
skinhub.com,3,spacejamjuice.com,1,spacejamjuice.com,1,spacejamjuice.com,1
send.onenetworkdirect.net,3,soundcloud.com,1,soundcloud.com,1,soundcloud.com,1
play.spotify.com,3,sliver.tv,1,sliver.tv,1,sliver.tv,1
pcpartpicker.com,3,skytechpc.net,1,skytechpc.net,1,skytechpc.net,1
paypal.me,3,skintrades.com,1,skintrades.com,1,skintrades.com,1
paypal.com,3,shopswiftor.com,1,shopswiftor.com,1,shopswiftor.com,1
originpc.com,3,shop.spreadshirt.com,1,shop.spreadshirt.com,1,shop.spreadshirt.com,1
nzxt.com,3,saylortwift.net,1,saylortwift.net,1,saylortwift.net,1
newegg.com,3,savagejerky.com,1,savagejerky.com,1,savagejerky.com,1
n3f.tv,3,sandisk.com,1,sandisk.com,1,sandisk.com,1
monsterenergy.com,3,s5.dosya.tc,1,s5.dosya.tc,1,s5.dosya.tc,1
method.gg,3,runningpress.com,1,runningpress.com,1,runningpress.com,1
loots.com,3,retrogaminglive.com,1,retrogaminglive.com,1,retrogaminglive.com,1
lootcrate.com,3,redbull.com,1,redbull.com,1,redbull.com,1
logitech.com,3,puu.sh,1,puu.sh,1,puu.sh,1
kqzyfj.com,3,psp411.com,1,psp411.com,1,psp411.com,1
jdoqocy.com,3,pokersports.com,1,pokersports.com,1,pokersports.com,1
gtomegaracing.com,3,play.google.com,1,play.google.com,1,play.google.com,1
gillette.com,3,play.esea.net,1,play.esea.net,1,play.esea.net,1
gamersupps.gg,3,pcpartpicker.com,1,pcpartpicker.com,1,pcpartpicker.com,1
gamersensei.com,3,pathwaystoeducation.ca,1,pathwaystoeducation.ca,1,pathwaystoeducation.ca,1
drive.google.com,3,overwolf.com,1,overwolf.com,1,overwolf.com,1
dotabuff.com,3,originpc.com,1,originpc.com,1,originpc.com,1
cloud9.gg,3,open.spotify.com,1,open.spotify.com,1,open.spotify.com,1
boom.tv,3,notebookcheck.net,1,notebookcheck.net,1,notebookcheck.net,1
avantlink.com,3,needforseatusa.com,1,needforseatusa.com,1,needforseatusa.com,1
audio-technica.com,3,mixcloud.com,1,mixcloud.com,1,mixcloud.com,1
amazon.it,3,megamanleaderboards.net,1,megamanleaderboards.net,1,megamanleaderboards.net,1
a.co,3,meesheroni.com,1,meesheroni.com,1,meesheroni.com,1
Twitter.com,3,manacrystals.com,1,manacrystals.com,1,manacrystals.com,1
zowie.benq.com,2,madrinascoffee.com,1,madrinascoffee.com,1,madrinascoffee.com,1
us.msi.com,2,lvlupdojo.com,1,lvlupdojo.com,1,lvlupdojo.com,1
urbandictionary.com,2,lethalfrag.com,1,lethalfrag.com,1,lethalfrag.com,1
uhostpro.com,2,jinx.com,1,jinx.com,1,jinx.com,1
ubi.li,2,jellybelly.com,1,jellybelly.com,1,jellybelly.com,1
twip.kr,2,janson.com,1,janson.com,1,janson.com,1
tmstreamlabs.cupco.de,2,itunes.apple.com,1,itunes.apple.com,1,itunes.apple.com,1
tl.gg,2,itmejp.com,1,itmejp.com,1,itmejp.com,1
tickets.twitchcon.com,2,ironsidecomputers.com,1,ironsidecomputers.com,1,ironsidecomputers.com,1
tempostorm.com,2,imgur.com,1,imgur.com,1,imgur.com,1
telegram.me,2,imdb.com,1,imdb.com,1,imdb.com,1
tee.pub,2,i.try.games,1,i.try.games,1,i.try.games,1
teamliquidpro.com,2,i.imgur.com,1,i.imgur.com,1,i.imgur.com,1
streamtip.me,2,i.hizliresim.com,1,i.hizliresim.com,1,i.hizliresim.com,1
store.cloud9.gg,2,hyperxgaming.com,1,hyperxgaming.com,1,hyperxgaming.com,1
steelseri.es,2,humblebundle.com,1,humblebundle.com,1,humblebundle.com,1
speq.me,2,help.twitch.tv,1,help.twitch.tv,1,help.twitch.tv,1
shop.lenovo.com,2,hearthstoneplayers.com,1,hearthstoneplayers.com,1,hearthstoneplayers.com,1
shop.eslgaming.com,2,gunnar.com,1,gunnar.com,1,gunnar.com,1
sennheiser.evyy.net,2,greenmangaming.com,1,greenmangaming.com,1,greenmangaming.com,1
samsung.com,2,gillette.com,1,gillette.com,1,gillette.com,1
robertsspaceindustries.com,2,geico.com,1,geico.com,1,geico.com,1
redbull.com,2,geekfuel.com,1,geekfuel.com,1,geekfuel.com,1
plus.google.com,2,gamingforgood.net,1,gamingforgood.net,1,gamingforgood.net,1
plug.dj,2,gameekstra.com,1,gameekstra.com,1,gameekstra.com,1
play.eslgaming.com,2,g2a.com,1,g2a.com,1,g2a.com,1
pathofexile.com,2,finalmouse.com,1,finalmouse.com,1,finalmouse.com,1
opseat.com,2,en-us.sennheiser.com,1,en-us.sennheiser.com,1,en-us.sennheiser.com,1
nightdev.com,2,elgato.com,1,elgato.com,1,elgato.com,1
myanimelist.net,2,dyrus.fanfiber.com,1,dyrus.fanfiber.com,1,dyrus.fanfiber.com,1
monstercat.com,2,dxracer.com,1,dxracer.com,1,dxracer.com,1
lolking.net,2,dpaste.com,1,dpaste.com,1,dpaste.com,1
l2.netmarble.com,2,disguisedtoast.com,1,disguisedtoast.com,1,disguisedtoast.com,1
jinx.com,2,discord.me,1,discord.me,1,discord.me,1
itunes.apple.com,2,dell.com,1,dell.com,1,dell.com,1
intel.com,2,curse.com,1,curse.com,1,curse.com,1
instant-gaming.com,2,csgolive.com,1,csgolive.com,1,csgolive.com,1
hyperxgaming.com,2,crunchyroll.com,1,crunchyroll.com,1,crunchyroll.com,1
humble.com,2,community.itmejp.com,1,community.itmejp.com,1,community.itmejp.com,1
hirezstudios.com,2,cobaltstreak.com,1,cobaltstreak.com,1,cobaltstreak.com,1
go.twitch.tv,2,cmha.ca,1,cmha.ca,1,cmha.ca,1
gleam.io,2,cloud9.gg,1,cloud9.gg,1,cloud9.gg,1
geni.us,2,chrono.gg,1,chrono.gg,1,chrono.gg,1
geekfuel.com,2,chillhop.lnk.to,1,chillhop.lnk.to,1,chillhop.lnk.to,1
gaming.logitech.com,2,cheekyferret.tumblr.com,1,cheekyferret.tumblr.com,1,cheekyferret.tumblr.com,1
frankerfacez.com,2,ca.movember.com,1,ca.movember.com,1,ca.movember.com,1
fantasy.eslgaming.com,2,bynogame.com,1,bynogame.com,1,bynogame.com,1
engage.gg,2,boom.tv,1,boom.tv,1,boom.tv,1
en.wikipedia.org,2,bobrossgame.com,1,bobrossgame.com,1,bobrossgame.com,1
elgato.com,2,bobross.com,1,bobross.com,1,bobross.com,1
dro.ps,2,ballistixgaming.com,1,ballistixgaming.com,1,ballistixgaming.com,1
discord.me,2,autism-society.org,1,autism-society.org,1,autism-society.org,1
digitalstorm.com,2,astore.amazon.com,1,astore.amazon.com,1,astore.amazon.com,1
csgolive.com,2,astore.amazon.ca,1,astore.amazon.ca,1,astore.amazon.ca,1
calendar.google.com,2,aocgaming.com,1,aocgaming.com,1,aocgaming.com,1
bravobet.com,2,anticide.deviantart.com,1,anticide.deviantart.com,1,anticide.deviantart.com,1
blog.twitch.tv,2,amazon.ca,1,amazon.ca,1,amazon.ca,1
bandcamp.com,2,accounts.google.com,1,,,accounts.google.com,1
ark.intel.com,2,5v5.vainglorygame.com,1,,,5v5.vainglorygame.com,1
app.twitch.tv,2,,,,
anrdoezrs.net,2,,,,
amazon.fr,2,,,,
alpha.yadonate.ru,2,,,,
Instagram.com,2,,,,
zirconmusic.com,1,,,,
zeonshop.ru,1,,,,
zeenigami.com,1,,,,
youtube.streamlabs.com,1,,,,
youtube.de,1,,,,
y0ndshop.myprintbar.ru,1,,,,
xxbattlelionessxx.deviantart.com,1,,,,
xsplit.com,1,,,,
www3.lenovo.com,1,,,,
www28.zippyshare.com,1,,,,
wowinterface.com,1,,,,
worldsadrift.com,1,,,,
worldofwarcraft.com,1,,,,
worldoftanks.eu,1,,,,
worldanimalprotection.org.au,1,,,,
woodwatches.com,1,,,,
winter.dreamhack.com,1,,,,
winamp.com,1,,,,
wiki.teamliquid.net,1,,,,
why-ryzen.com,1,,,,
whiteboxpc.com,1,,,,
warlegend.net,1,,,,
warcraftmovies.com,1,,,,
waifuwars.com,1,,,,
vine.co,1,,,,
viewsoniceurope.com,1,,,,
vid.me,1,,,,
valleyspuds.com,1,,,,
vaaluu.com,1,,,,
usa.clutchchairz.com,1,,,,
uproar.gg,1,,,,
twiter.com,1,,,,
twitchplayspokemon.tv,1,,,,
twitchplaysleaderboard.info,1,,,,
twitch.splyce.gg,1,,,,
twitch-tv-tips.blogspot.com,1,,,,
twitch-dj.ru,1,,,,
twinge.tv,1,,,,
tv.eslgaming.com,1,,,,
turtlebeach.com,1,,,,
tubehousestudios.com,1,,,,
truth.bahamut.com.tw,1,,,,
troydan.com,1,,,,
trick2g.org,1,,,,
treatstream.com,1,,,,
transcend-info.com,1,,,,
tpp.chat,1,,,,
towelliee.com,1,,,,
torontohumanesociety.com,1,,,,
to.pbs.org,1,,,,
tivy.ca,1,,,,
tips.barrycarlyon.co.uk,1,,,,
tipme.in.th,1,,,,
timmac.tv,1,,,,
time.com,1,,,,
tiltify.com,1,,,,
ticketmaster.nl,1,,,,
thevr.hu,1,,,,
thelightforge.com,1,,,,
thehyborianage.com,1,,,,
thadrius.tv,1,,,,
tempo-storm.myshopify.com,1,,,,
teawrex.fanfiber.com,1,,,,
teamnmp.com,1,,,,
teamkitty.tv,1,,,,
teamfreedom.gg,1,,,,
tags.sacriel.tv,1,,,,
t.co,1,,,,
sybergaming.com,1,,,,
swiftor.tv,1,,,,
support.discordapp.com,1,,,,
subhub.tv,1,,,,
strexm.tv,1,,,,
streamer.house,1,,,,
streamdonations.net,1,,,,
streamapps.tv,1,,,,
streamad.info,1,,,,
stratsketch.com,1,,,,
strafe.com,1,,,,
store.yogscast.com,1,,,,
store.tempostorm.com,1,,,,
store.splyce.gg,1,,,,
store.solomid.net,1,,,,
store.raysfi.re,1,,,,
store.overwolf.com,1,,,,
store.hp.com,1,,,,
store.dreamhack.com,1,,,,
store.clgaming.net,1,,,,
stocktwits.com,1,,,,
stockstream.live,1,,,,
stevenodonnell.com,1,,,,
steakloins.deviantart.com,1,,,,
starsleeps.tumblr.com,1,,,,
starexorcist.flavors.me,1,,,,
splyce.gg,1,,,,
speedtest.net,1,,,,
speedsouls.com,1,,,,
spacejamjuice.com,1,,,,
sp4zie.com,1,,,,
sp4zie-eu.spreadshirt.net,1,,,,
soylent.com,1,,,,
soy.lt,1,,,,
smashcustommusic.com,1,,,,
slootbag.com,1,,,,
skintrades.com,1,,,,
silentsentry.tv,1,,,,
shopswiftor.com,1,,,,
shop5hourenergy.com,1,,,,
shop.thevr.hu,1,,,,
shop.spreadshirt.net,1,,,,
shop.spreadshirt.de,1,,,,
shop.spreadshirt.com.au,1,,,,
shop.spreadshirt.com,1,,,,
shop.savantofficial.com,1,,,,
shop.monstercat.com,1,,,,
shop.fnatic.com,1,,,,
sheevergaming.com,1,,,,
shareasale.com,1,,,,
secure.info-komen.org,1,,,,
secure.eveonline.com,1,,,,
secure.aspca.org,1,,,,
secretlab.sg,1,,,,
sdqk.me,1,,,,
scontent.fyzd1-1.fna.fbcdn.net,1,,,,
saylortwift.net,1,,,,
savagejerkyco.com,1,,,,
savagejerky.com,1,,,,
sandisk.com,1,,,,
saltybet.com,1,,,,
sacriel.tv,1,,,,
s5.dosya.tc,1,,,,
s1093.photobucket.com,1,,,,
rush49.com,1,,,,
rspca.org.au,1,,,,
rogue.gg,1,,,,
rog.asus.com,1,,,,
rode.com,1,,,,
rezephos.wix.com,1,,,,
rewards.eslgaming.com,1,,,,
retrorgb.com,1,,,,
retrogaminglive.com,1,,,,
retrogametreasure.com,1,,,,
ref.wehype.it,1,,,,
ref.opskins.com,1,,,,
redcross.org,1,,,,
razerzone.com,1,,,,
raphnet-tech.com,1,,,,
raidclothing.com,1,,,,
ragegamingvideos-fc.deviantart.com,1,,,,
pvpro.com,1,,,,
pvgna.com,1,,,,
puu.sh,1,,,,
pubgcube.com,1,,,,
psp411.com,1,,,,
psnprofiles.com,1,,,,
proguides.com,1,,,,
procheck.pro,1,,,,
pro.pubgonline.com,1,,,,
private.superappbox.com,1,,,,
printmotor.com,1,,,,
pp.userapi.com,1,,,,
poromagia.com,1,,,,
popskyy.bandcamp.com,1,,,,
pokersports.com,1,,,,
playstationlifestyle.net,1,,,,
plays.tv,1,,,,
playgames.dk,1,,,,
player.me,1,,,,
play.google.com,1,,,,
play-asia.com,1,,,,
place4.pro,1,,,,
pjtra.com,1,,,,
pesuniverse.com,1,,,,
perkybrand.com,1,,,,
pcspecialist.co.uk,1,,,,
pathwaystoeducation.ca,1,,,,
paste.ee,1,,,,
passport.twitch.tv,1,,,,
partners.creeper.host,1,,,,
partners.commission.bz,1,,,,
partner-ads.com,1,,,,
paladins.guru,1,,,,
paladins.com,1,,,,
p4wnyhof.de,1,,,,
orician.bandcamp.com,1,,,,
op.gg,1,,,,
onnit.com,1,,,,
one.de,1,,,,
on.fb.me,1,,,,
octix.co.uk,1,,,,
nyse.com,1,,,,
nptunnel.com,1,,,,
nouschkasplay.tumblr.com,1,,,,
nouschkasplay.com,1,,,,
notebookcheck.net,1,,,,
noobmeter.com,1,,,,
nodecraft.com,1,,,,
noctua.at,1,,,,
nitra.do,1,,,,
nismorack.com,1,,,,
nickmoles.net,1,,,,
nicepostureclothing.com,1,,,,
newegg.ca,1,,,,
new.vk.com,1,,,,
nesmania.net,1,,,,
neppodesigns.bigcartel.com,1,,,,
needforseatusa.com,1,,,,
na.op.gg,1,,,,
n4g.com,1,,,,
n3rdfusionstudios.com,1,,,,
mydealz.de,1,,,,
music.twitch.tv,1,,,,
music.monstercat.com,1,,,,
multilotto.com,1,,,,
msi.com,1,,,,
mrsviolence.topstreamers.com,1,,,,
monster.cat,1,,,,
mobafire.com,1,,,,
mmorpgrs.fanfiber.com,1,,,,
mixcloud.com,1,,,,
minecraft.net,1,,,,
microsoft.com,1,,,,
metathreads.com,1,,,,
metagamegurus.com,1,,,,
megamanleaderboards.net,1,,,,
meesheroni.com,1,,,,
mediafire.com,1,,,,
matrixis.co.uk,1,,,,
massdrop.com,1,,,,
manacrystals.com,1,,,,
maker.coolermaster.com,1,,,,
machithreads.com,1,,,,
lvlupdojo.com,1,,,,
lutbot.com,1,,,,
lrd.to,1,,,,
lowko.tv,1,,,,
loserfruit.store,1,,,,
lolwiz.gg,1,,,,
logicalincrements.com,1,,,,
loadingreadyrun.com,1,,,,
livesplit.org,1,,,,
live.monstercat.com,1,,,,
letsbld.com,1,,,,
lethalfragdesigner.spreadshirt.com,1,,,,
lethalfrag.spreadshirt.com,1,,,,
lethalfrag.com,1,,,,
lenovo.7eer.net,1,,,,
last.fm,1,,,,
lan.op.gg,1,,,,
kotaku.com,1,,,,
kintinue.topstreamers.com,1,,,,
kintinue.com,1,,,,
kinguin.net,1,,,,
killernetworking.com,1,,,,
kaitlynsiragusa.com,1,,,,
jokaah.com,1,,,,
jellybelly.com,1,,,,
janson.com,1,,,,
itslorgarn.com,1,,,,
itmejp.com,1,,,,
ironsidecomputers.com,1,,,,
intelextrememasters.com,1,,,,
intel.co.uk,1,,,,
instagr.am,1,,,,
inkedgaming.com,1,,,,
imt.gg,1,,,,
immarksman.tumblr.com,1,,,,
imdb.com,1,,,,
imaqtpie.pajlada.se,1,,,,
imaqtpie.org,1,,,,
images.akamai.steamusercontent.com,1,,,,
ibuypower.com,1,,,,
ibob92gr.weebly.com,1,,,,
i.hizliresim.com,1,,,,
i.gyazo.com,1,,,,
heroes.stjude.org,1,,,,
hearthstoneplayers.com,1,,,,
gunnar.com,1,,,,
guilded.gg,1,,,,
gskill.com,1,,,,
grunex.com,1,,,,
greybox.com,1,,,,
grei-grei.lt,1,,,,
greatbigstory.com,1,,,,
gosuchair.com,1,,,,
google.com.au,1,,,,
google.com,1,,,,
google.ca,1,,,,
goodgame.ru,1,,,,
goo.gl,1,,,,
gog.com,1,,,,
goclecd.fr,1,,,,
glomtom.com,1,,,,
give.salvationarmyusa.org,1,,,,
github.com,1,,,,
gigabyte.com.au,1,,,,
ghost-recon.ubisoft.com,1,,,,
ggalaxy.gr,1,,,,
gg.bet,1,,,,
geforce.com,1,,,,
gdqvods.com,1,,,,
gamingwithdaopa.ellatha.com,1,,,,
gaming.benq.com,1,,,,
gametsg.techbang.com,1,,,,
games.yahoo.com,1,,,,
gamegear.be,1,,,,
gameekstra.com,1,,,,
game-leap.com,1,,,,
gambleaware.co.uk,1,,,,
gaddr.me,1,,,,
g2esports.com,1,,,,
fundraise.gamersoutreach.org,1,,,,
fully.com,1,,,,
freetrial.finalfantasyxiv.com,1,,,,
fractal-design.com,1,,,,
fpsthailand.com,1,,,,
forums.towelliee.com,1,,,,
forums.paladins.com,1,,,,
forum.wotlabs.net,1,,,,
forum.worldoftanks.eu,1,,,,
forum.worldoftanks.com,1,,,,
forbes.com,1,,,,
fivethirtyeight.com,1,,,,
fitnessnord.com,1,,,,
finalmouse.com,1,,,,
feeds.feedburner.com,1,,,,
fb.me,1,,,,
fb.com,1,,,,
fatalgrips.myshopify.com,1,,,,
fanfitgaming.com,1,,,,
fanatec.com,1,,,,
famouranth.com,1,,,,
falcon-nw.com,1,,,,
fade2karma.com,1,,,,
extremeedgesports.com,1,,,,
exceptionallegion.com,1,,,,
ewinracing.com,1,,,,
ew.com,1,,,,
evga.com,1,,,,
euw.op.gg,1,,,,
eslgaming.com,1,,,,
esl.gg,1,,,,
escapistmagazine.com,1,,,,
erioldesigns.wixsite.com,1,,,,
epulze.com,1,,,,
elementalknives.com,1,,,,
elderscrollsonlineguidecentral.com,1,,,,
egx.net,1,,,,
ebuyer.com,1,,,,
dyrus.fanfiber.com,1,,,,
duckychannel.com.tw,1,,,,
dropgun.com,1,,,,
dpaste.com,1,,,,
doublejumpcoffee.com,1,,,,
disguisedtoast.com,1,,,,
dincasinobonus.se,1,,,,
din-ecigaret.dk,1,,,,
desertbus.org,1,,,,
def-shop.com,1,,,,
deertier.com,1,,,,
deamonites.com,1,,,,
dcrainmaker.com,1,,,,
day9.tv,1,,,,
dasmehdi.tv,1,,,,
darkness429.com,1,,,,
dansknetparty.dk,1,,,,
d.trihex.me,1,,,,
cygames.co.jp,1,,,,
cyanideepic.com,1,,,,
currys.co.uk,1,,,,
ctt.layerone.io,1,,,,
ctt.ec,1,,,,
csgoswap.com,1,,,,
csgoshoppen.dk,1,,,,
crunchyroll.com,1,,,,
crensloth.com,1,,,,
cowsep.com,1,,,,
compete.tespa.org,1,,,,
community.itmejp.com,1,,,,
col.vg,1,,,,
coinbase.com,1,,,,
cobaltstreak.com,1,,,,
cnet.com,1,,,,
cmha.ca,1,,,,
clips.twitch.tv,1,,,,
click.linksynergy.com,1,,,,
cincinbear.storenvy.com,1,,,,
chrome.google.com,1,,,,
chipamp.org,1,,,,
chillhop.com,1,,,,
childsplaycharity.org,1,,,,
chfoo.github.io,1,,,,
chewy.com,1,,,,
cheekyferret.tumblr.com,1,,,,
cevo.com,1,,,,
cdkeys.com,1,,,,
cartoonz.tv,1,,,,
cardkingdom.com,1,,,,
cardhoarder.com,1,,,,
canadacomputers.com,1,,,,
canada.clutchchairz.com,1,,,,
ca.movember.com,1,,,,
bynogame.com,1,,,,
briel.net,1,,,,
break-art.com,1,,,,
box.co.uk,1,,,,
bobrossgame.com,1,,,,
bobross.com,1,,,,
bobmob.gg,1,,,,
bluemic.com,1,,,,
bluebonnetnutrition.com,1,,,,
blazingboost.com,1,,,,
bladeboques.topstreamers.com,1,,,,
bitly.com,1,,,,
biggiantcircles.com,1,,,,
bhphotovideo.com,1,,,,
bfhstats.com,1,,,,
bf4stats.com,1,,,,
bf1stats.com,1,,,,
beyondthesummit.tv,1,,,,
betspawn.com,1,,,,
beta.nightbot.tv,1,,,,
benqdirect.com,1,,,,
behance.net,1,,,,
bcwsupplies.com,1,,,,
battlelog.battlefield.com,1,,,,
battlefieldtracker.com,1,,,,
battle.net,1,,,,
banlish.com,1,,,,
backloggery.com,1,,,,
autohotkey.com,1,,,,
autism-society.org,1,,,,
atdtools.com,1,,,,
astore.amazon.com,1,,,,
astore.amazon.ca,1,,,,
artstation.com,1,,,,
arozzi.se,1,,,,
arozzi.com,1,,,,
arctic.ac,1,,,,
arcgames.com,1,,,,
approachingnirvana.com,1,,,,
aporiacustoms.com,1,,,,
antlionaudio.com,1,,,,
anticide.deviantart.com,1,,,,
anothercastle.ru,1,,,,
amzn.eu,1,,,,
amplemeal.com,1,,,,
amouranth.storenvy.com,1,,,,
amd.com,1,,,,
amazon.es,1,,,,
alza.cz,1,,,,
akracingeurope.eu,1,,,,
aftershokz.com,1,,,,
adfarm.mediaplex.com,1,,,,
adaptt.org,1,,,,
acer.com,1,,,,
acer.co.uk,1,,,,
accounts.exe.in.th,1,,,,
account.xbox.com,1,,,,
account.haste.net,1,,,,
aboutslots.com,1,,,,
YouTube.com,1,,,,
StreamElements.com,1,,,,
Splyce.GG,1,,,,
PraiseTheKhan.com,1,,,,
Patreon.com,1,,,,
MrsViolence.storenvy.com,1,,,,
3dscapture.com,1,,,,
2016.tubehouse.de,1,,,,
16personalities.com,1,,,,
twitter.com,58,,,,
youtube.com,52,,,,
twitch.tv,42,,,,
twitch.streamlabs.com,41,,,,
facebook.com,22,,,,
instagram.com,20,,,,
discordapp.com,17,,,,
amazon.com,13,,,,
docs.google.com,7,,,,
designbyhumans.com,7,,,,
t.redshell.io,6,,,,
streamlabs.com,5,,,,
hyperx.gg,5,,,,
cyberpowerpc.com,5,,,,
teespring.com,4,,,,
patreon.com,4,,,,
tiltify.com,3,,,,
streamtip.com,3,,,,
steamcommunity.com,3,,,,
snapchat.com,3,,,,
secretlab.co,3,,,,
reddit.com,3,,,,
monsterenergy.com,3,,,,
intotheam.com,3,,,,
esports.htc.com,3,,,,
amazon.de,3,,,,
amazon.co.uk,3,,,,
affiliates.digitalriver.com,3,,,,
,3,,,,
vrv.co,2,,,,
teepublic.com,2,,,,
t-mobile.com,2,,,,
steelseries.7eer.net,2,,,,
soylent.com,2,,,,
scufgaming.com,2,,,,
pastebin.com,2,,,,
newegg.com,2,,,,
massdrop.com,2,,,,
kappa.ly,2,,,,
intel.com,2,,,,
ibuypower.com,2,,,,
gfuel.com,2,,,,
en.wikipedia.org,2,,,,
digitalstorm.com,2,,,,
corsair.com,2,,,,
blog.twitch.tv,2,,,,
audio-technica.com,2,,,,
asus.com,2,,,,
astrogaming.com,2,,,,
ask.fm,2,,,,
zowie.benq.com,1,,,,
youtube.streamlabs.com,1,,,,
winter.dreamhack.com,1,,,,
vertagear.com,1,,,,
us.msi.com,1,,,,
us.battle.net,1,,,,
twiter.com,1,,,,
twitchemotes.com,1,,,,
twitch.amazon.com,1,,,,
twip.kr,1,,,,
turtlebeach.com,1,,,,
troydan.com,1,,,,
trick2g.org,1,,,,
torontohumanesociety.com,1,,,,
tl.gg,1,,,,
timmac.tv,1,,,,
tempostorm.com,1,,,,
tempo-storm.myshopify.com,1,,,,
teamliquidpro.com,1,,,,
teamlg.myshopify.com,1,,,,
sybergaming.com,1,,,,
swiftor.tv,1,,,,
streamtip.me,1,,,,
streamdonations.net,1,,,,
strafe.com,1,,,,
store.solomid.net,1,,,,
store.dreamhack.com,1,,,,
store.cloud9.gg,1,,,,
store.clgaming.net,1,,,,
steelseries.com,1,,,,
steelseri.es,1,,,,
starsleeps.tumblr.com,1,,,,
stack-up.org,1,,,,
speedrun.com,1,,,,
spacejamjuice.com,1,,,,
soundcloud.com,1,,,,
sliver.tv,1,,,,
skytechpc.net,1,,,,
skintrades.com,1,,,,
shopswiftor.com,1,,,,
shop.spreadshirt.com,1,,,,
saylortwift.net,1,,,,
savagejerky.com,1,,,,
sandisk.com,1,,,,
s5.dosya.tc,1,,,,
runningpress.com,1,,,,
retrogaminglive.com,1,,,,
redbull.com,1,,,,
puu.sh,1,,,,
psp411.com,1,,,,
pokersports.com,1,,,,
play.google.com,1,,,,
play.esea.net,1,,,,
pcpartpicker.com,1,,,,
pathwaystoeducation.ca,1,,,,
overwolf.com,1,,,,
originpc.com,1,,,,
open.spotify.com,1,,,,
notebookcheck.net,1,,,,
needforseatusa.com,1,,,,
mixcloud.com,1,,,,
megamanleaderboards.net,1,,,,
meesheroni.com,1,,,,
manacrystals.com,1,,,,
madrinascoffee.com,1,,,,
lvlupdojo.com,1,,,,
lethalfrag.com,1,,,,
jinx.com,1,,,,
jellybelly.com,1,,,,
janson.com,1,,,,
itunes.apple.com,1,,,,
itmejp.com,1,,,,
ironsidecomputers.com,1,,,,
imgur.com,1,,,,
imdb.com,1,,,,
i.try.games,1,,,,
i.imgur.com,1,,,,
i.hizliresim.com,1,,,,
hyperxgaming.com,1,,,,
humblebundle.com,1,,,,
help.twitch.tv,1,,,,
hearthstoneplayers.com,1,,,,
gunnar.com,1,,,,
greenmangaming.com,1,,,,
gillette.com,1,,,,
geico.com,1,,,,
geekfuel.com,1,,,,
gamingforgood.net,1,,,,
gameekstra.com,1,,,,
g2a.com,1,,,,
finalmouse.com,1,,,,
en-us.sennheiser.com,1,,,,
elgato.com,1,,,,
dyrus.fanfiber.com,1,,,,
dxracer.com,1,,,,
dpaste.com,1,,,,
disguisedtoast.com,1,,,,
discord.me,1,,,,
dell.com,1,,,,
curse.com,1,,,,
csgolive.com,1,,,,
crunchyroll.com,1,,,,
community.itmejp.com,1,,,,
cobaltstreak.com,1,,,,
cmha.ca,1,,,,
cloud9.gg,1,,,,
chrono.gg,1,,,,
chillhop.lnk.to,1,,,,
cheekyferret.tumblr.com,1,,,,
ca.movember.com,1,,,,
bynogame.com,1,,,,
boom.tv,1,,,,
bobrossgame.com,1,,,,
bobross.com,1,,,,
ballistixgaming.com,1,,,,
autism-society.org,1,,,,
astore.amazon.com,1,,,,
astore.amazon.ca,1,,,,
aocgaming.com,1,,,,
anticide.deviantart.com,1,,,,
amazon.ca,1,,,,
accounts.google.com,1,,,,
5v5.vainglorygame.com,1,,,,
twitter.com,58,,,,
youtube.com,52,,,,
twitch.tv,42,,,,
twitch.streamlabs.com,41,,,,
facebook.com,22,,,,
instagram.com,20,,,,
discordapp.com,17,,,,
amazon.com,13,,,,
docs.google.com,7,,,,
designbyhumans.com,7,,,,
t.redshell.io,6,,,,
streamlabs.com,5,,,,
hyperx.gg,5,,,,
cyberpowerpc.com,5,,,,
teespring.com,4,,,,
patreon.com,4,,,,
tiltify.com,3,,,,
streamtip.com,3,,,,
steamcommunity.com,3,,,,
snapchat.com,3,,,,
secretlab.co,3,,,,
reddit.com,3,,,,
monsterenergy.com,3,,,,
intotheam.com,3,,,,
esports.htc.com,3,,,,
amazon.de,3,,,,
amazon.co.uk,3,,,,
affiliates.digitalriver.com,3,,,,
,3,,,,
vrv.co,2,,,,
teepublic.com,2,,,,
t-mobile.com,2,,,,
steelseries.7eer.net,2,,,,
soylent.com,2,,,,
scufgaming.com,2,,,,
pastebin.com,2,,,,
newegg.com,2,,,,
massdrop.com,2,,,,
kappa.ly,2,,,,
intel.com,2,,,,
ibuypower.com,2,,,,
gfuel.com,2,,,,
en.wikipedia.org,2,,,,
digitalstorm.com,2,,,,
corsair.com,2,,,,
blog.twitch.tv,2,,,,
audio-technica.com,2,,,,
asus.com,2,,,,
astrogaming.com,2,,,,
ask.fm,2,,,,
zowie.benq.com,1,,,,
youtube.streamlabs.com,1,,,,
winter.dreamhack.com,1,,,,
vertagear.com,1,,,,
us.msi.com,1,,,,
us.battle.net,1,,,,
twiter.com,1,,,,
twitchemotes.com,1,,,,
twitch.amazon.com,1,,,,
twip.kr,1,,,,
turtlebeach.com,1,,,,
troydan.com,1,,,,
trick2g.org,1,,,,
torontohumanesociety.com,1,,,,
tl.gg,1,,,,
timmac.tv,1,,,,
tempostorm.com,1,,,,
tempo-storm.myshopify.com,1,,,,
teamliquidpro.com,1,,,,
teamlg.myshopify.com,1,,,,
sybergaming.com,1,,,,
swiftor.tv,1,,,,
streamtip.me,1,,,,
streamdonations.net,1,,,,
strafe.com,1,,,,
store.solomid.net,1,,,,
store.dreamhack.com,1,,,,
store.cloud9.gg,1,,,,
store.clgaming.net,1,,,,
steelseries.com,1,,,,
steelseri.es,1,,,,
starsleeps.tumblr.com,1,,,,
stack-up.org,1,,,,
speedrun.com,1,,,,
spacejamjuice.com,1,,,,
soundcloud.com,1,,,,
sliver.tv,1,,,,
skytechpc.net,1,,,,
skintrades.com,1,,,,
shopswiftor.com,1,,,,
shop.spreadshirt.com,1,,,,
saylortwift.net,1,,,,
savagejerky.com,1,,,,
sandisk.com,1,,,,
s5.dosya.tc,1,,,,
runningpress.com,1,,,,
retrogaminglive.com,1,,,,
redbull.com,1,,,,
puu.sh,1,,,,
psp411.com,1,,,,
pokersports.com,1,,,,
play.google.com,1,,,,
play.esea.net,1,,,,
pcpartpicker.com,1,,,,
pathwaystoeducation.ca,1,,,,
overwolf.com,1,,,,
originpc.com,1,,,,
open.spotify.com,1,,,,
notebookcheck.net,1,,,,
needforseatusa.com,1,,,,
mixcloud.com,1,,,,
megamanleaderboards.net,1,,,,
meesheroni.com,1,,,,
manacrystals.com,1,,,,
madrinascoffee.com,1,,,,
lvlupdojo.com,1,,,,
lethalfrag.com,1,,,,
jinx.com,1,,,,
jellybelly.com,1,,,,
janson.com,1,,,,
itunes.apple.com,1,,,,
itmejp.com,1,,,,
ironsidecomputers.com,1,,,,
imgur.com,1,,,,
imdb.com,1,,,,
i.try.games,1,,,,
i.imgur.com,1,,,,
i.hizliresim.com,1,,,,
hyperxgaming.com,1,,,,
humblebundle.com,1,,,,
help.twitch.tv,1,,,,
hearthstoneplayers.com,1,,,,
gunnar.com,1,,,,
greenmangaming.com,1,,,,
gillette.com,1,,,,
geico.com,1,,,,
geekfuel.com,1,,,,
gamingforgood.net,1,,,,
gameekstra.com,1,,,,
g2a.com,1,,,,
finalmouse.com,1,,,,
en-us.sennheiser.com,1,,,,
elgato.com,1,,,,
dyrus.fanfiber.com,1,,,,
dxracer.com,1,,,,
dpaste.com,1,,,,
disguisedtoast.com,1,,,,
discord.me,1,,,,
dell.com,1,,,,
curse.com,1,,,,
csgolive.com,1,,,,
crunchyroll.com,1,,,,
community.itmejp.com,1,,,,
cobaltstreak.com,1,,,,
cmha.ca,1,,,,
cloud9.gg,1,,,,
chrono.gg,1,,,,
chillhop.lnk.to,1,,,,
cheekyferret.tumblr.com,1,,,,
ca.movember.com,1,,,,
bynogame.com,1,,,,
boom.tv,1,,,,
bobrossgame.com,1,,,,
bobross.com,1,,,,
ballistixgaming.com,1,,,,
autism-society.org,1,,,,
astore.amazon.com,1,,,,
astore.amazon.ca,1,,,,
aocgaming.com,1,,,,
anticide.deviantart.com,1,,,,
amazon.ca,1,,,,
accounts.google.com,1,,,,
5v5.vainglorygame.com,1,,,,
twitter.com,58,,,,
youtube.com,52,,,,
twitch.tv,42,,,,
twitch.streamlabs.com,41,,,,
facebook.com,22,,,,
instagram.com,20,,,,
discordapp.com,17,,,,
amazon.com,13,,,,
docs.google.com,7,,,,
designbyhumans.com,7,,,,
t.redshell.io,6,,,,
streamlabs.com,5,,,,
hyperx.gg,5,,,,
cyberpowerpc.com,5,,,,
teespring.com,4,,,,
patreon.com,4,,,,
tiltify.com,3,,,,
streamtip.com,3,,,,
steamcommunity.com,3,,,,
snapchat.com,3,,,,
secretlab.co,3,,,,
reddit.com,3,,,,
monsterenergy.com,3,,,,
intotheam.com,3,,,,
esports.htc.com,3,,,,
amazon.de,3,,,,
amazon.co.uk,3,,,,
affiliates.digitalriver.com,3,,,,
,3,,,,
vrv.co,2,,,,
teepublic.com,2,,,,
t-mobile.com,2,,,,
steelseries.7eer.net,2,,,,
soylent.com,2,,,,
scufgaming.com,2,,,,
pastebin.com,2,,,,
newegg.com,2,,,,
massdrop.com,2,,,,
kappa.ly,2,,,,
intel.com,2,,,,
ibuypower.com,2,,,,
gfuel.com,2,,,,
en.wikipedia.org,2,,,,
digitalstorm.com,2,,,,
corsair.com,2,,,,
blog.twitch.tv,2,,,,
audio-technica.com,2,,,,
asus.com,2,,,,
astrogaming.com,2,,,,
ask.fm,2,,,,
zowie.benq.com,1,,,,
youtube.streamlabs.com,1,,,,
winter.dreamhack.com,1,,,,
vertagear.com,1,,,,
us.msi.com,1,,,,
us.battle.net,1,,,,
twiter.com,1,,,,
twitchemotes.com,1,,,,
twitch.amazon.com,1,,,,
twip.kr,1,,,,
turtlebeach.com,1,,,,
troydan.com,1,,,,
trick2g.org,1,,,,
torontohumanesociety.com,1,,,,
tl.gg,1,,,,
timmac.tv,1,,,,
tempostorm.com,1,,,,
tempo-storm.myshopify.com,1,,,,
teamliquidpro.com,1,,,,
teamlg.myshopify.com,1,,,,
sybergaming.com,1,,,,
swiftor.tv,1,,,,
streamtip.me,1,,,,
streamdonations.net,1,,,,
strafe.com,1,,,,
store.solomid.net,1,,,,
store.dreamhack.com,1,,,,
store.cloud9.gg,1,,,,
store.clgaming.net,1,,,,
steelseries.com,1,,,,
steelseri.es,1,,,,
starsleeps.tumblr.com,1,,,,
stack-up.org,1,,,,
speedrun.com,1,,,,
spacejamjuice.com,1,,,,
soundcloud.com,1,,,,
sliver.tv,1,,,,
skytechpc.net,1,,,,
skintrades.com,1,,,,
shopswiftor.com,1,,,,
shop.spreadshirt.com,1,,,,
saylortwift.net,1,,,,
savagejerky.com,1,,,,
sandisk.com,1,,,,
s5.dosya.tc,1,,,,
runningpress.com,1,,,,
retrogaminglive.com,1,,,,
redbull.com,1,,,,
puu.sh,1,,,,
psp411.com,1,,,,
pokersports.com,1,,,,
play.google.com,1,,,,
play.esea.net,1,,,,
pcpartpicker.com,1,,,,
pathwaystoeducation.ca,1,,,,
overwolf.com,1,,,,
originpc.com,1,,,,
open.spotify.com,1,,,,
notebookcheck.net,1,,,,
needforseatusa.com,1,,,,
mixcloud.com,1,,,,
megamanleaderboards.net,1,,,,
meesheroni.com,1,,,,
manacrystals.com,1,,,,
madrinascoffee.com,1,,,,
lvlupdojo.com,1,,,,
lethalfrag.com,1,,,,
jinx.com,1,,,,
jellybelly.com,1,,,,
janson.com,1,,,,
itunes.apple.com,1,,,,
itmejp.com,1,,,,
ironsidecomputers.com,1,,,,
imgur.com,1,,,,
imdb.com,1,,,,
i.try.games,1,,,,
i.imgur.com,1,,,,
i.hizliresim.com,1,,,,
hyperxgaming.com,1,,,,
humblebundle.com,1,,,,
help.twitch.tv,1,,,,
hearthstoneplayers.com,1,,,,
gunnar.com,1,,,,
greenmangaming.com,1,,,,
gillette.com,1,,,,
geico.com,1,,,,
geekfuel.com,1,,,,
gamingforgood.net,1,,,,
gameekstra.com,1,,,,
g2a.com,1,,,,
finalmouse.com,1,,,,
en-us.sennheiser.com,1,,,,
elgato.com,1,,,,
dyrus.fanfiber.com,1,,,,
dxracer.com,1,,,,
dpaste.com,1,,,,
disguisedtoast.com,1,,,,
discord.me,1,,,,
dell.com,1,,,,
curse.com,1,,,,
csgolive.com,1,,,,
crunchyroll.com,1,,,,
community.itmejp.com,1,,,,
cobaltstreak.com,1,,,,
cmha.ca,1,,,,
cloud9.gg,1,,,,
chrono.gg,1,,,,
chillhop.lnk.to,1,,,,
cheekyferret.tumblr.com,1,,,,
ca.movember.com,1,,,,
bynogame.com,1,,,,
boom.tv,1,,,,
bobrossgame.com,1,,,,
bobross.com,1,,,,
ballistixgaming.com,1,,,,
autism-society.org,1,,,,
astore.amazon.com,1,,,,
astore.amazon.ca,1,,,,
aocgaming.com,1,,,,
anticide.deviantart.com,1,,,,
amazon.ca,1,,,,
accounts.google.com,1,,,,
5v5.vainglorygame.com,1,,,,
twitter.com,58,,,,
youtube.com,52,,,,
twitch.tv,42,,,,
twitch.streamlabs.com,41,,,,
facebook.com,22,,,,
instagram.com,20,,,,
discordapp.com,17,,,,
amazon.com,13,,,,
docs.google.com,7,,,,
designbyhumans.com,7,,,,
t.redshell.io,6,,,,
streamlabs.com,5,,,,
hyperx.gg,5,,,,
cyberpowerpc.com,5,,,,
teespring.com,4,,,,
patreon.com,4,,,,
tiltify.com,3,,,,
streamtip.com,3,,,,
steamcommunity.com,3,,,,
snapchat.com,3,,,,
secretlab.co,3,,,,
reddit.com,3,,,,
monsterenergy.com,3,,,,
intotheam.com,3,,,,
esports.htc.com,3,,,,
amazon.de,3,,,,
amazon.co.uk,3,,,,
affiliates.digitalriver.com,3,,,,
,3,,,,
vrv.co,2,,,,
teepublic.com,2,,,,
t-mobile.com,2,,,,
steelseries.7eer.net,2,,,,
soylent.com,2,,,,
scufgaming.com,2,,,,
pastebin.com,2,,,,
newegg.com,2,,,,
massdrop.com,2,,,,
kappa.ly,2,,,,
intel.com,2,,,,
ibuypower.com,2,,,,
gfuel.com,2,,,,
en.wikipedia.org,2,,,,
digitalstorm.com,2,,,,
corsair.com,2,,,,
blog.twitch.tv,2,,,,
audio-technica.com,2,,,,
asus.com,2,,,,
astrogaming.com,2,,,,
ask.fm,2,,,,
zowie.benq.com,1,,,,
youtube.streamlabs.com,1,,,,
winter.dreamhack.com,1,,,,
vertagear.com,1,,,,
us.msi.com,1,,,,
us.battle.net,1,,,,
twiter.com,1,,,,
twitchemotes.com,1,,,,
twitch.amazon.com,1,,,,
twip.kr,1,,,,
turtlebeach.com,1,,,,
troydan.com,1,,,,
trick2g.org,1,,,,
torontohumanesociety.com,1,,,,
tl.gg,1,,,,
timmac.tv,1,,,,
tempostorm.com,1,,,,
tempo-storm.myshopify.com,1,,,,
teamliquidpro.com,1,,,,
teamlg.myshopify.com,1,,,,
sybergaming.com,1,,,,
swiftor.tv,1,,,,
streamtip.me,1,,,,
streamdonations.net,1,,,,
strafe.com,1,,,,
store.solomid.net,1,,,,
store.dreamhack.com,1,,,,
store.cloud9.gg,1,,,,
store.clgaming.net,1,,,,
steelseries.com,1,,,,
steelseri.es,1,,,,
starsleeps.tumblr.com,1,,,,
stack-up.org,1,,,,
speedrun.com,1,,,,
spacejamjuice.com,1,,,,
soundcloud.com,1,,,,
sliver.tv,1,,,,
skytechpc.net,1,,,,
skintrades.com,1,,,,
shopswiftor.com,1,,,,
shop.spreadshirt.com,1,,,,
saylortwift.net,1,,,,
savagejerky.com,1,,,,
sandisk.com,1,,,,
s5.dosya.tc,1,,,,
runningpress.com,1,,,,
retrogaminglive.com,1,,,,
redbull.com,1,,,,
puu.sh,1,,,,
psp411.com,1,,,,
pokersports.com,1,,,,
play.google.com,1,,,,
play.esea.net,1,,,,
pcpartpicker.com,1,,,,
pathwaystoeducation.ca,1,,,,
overwolf.com,1,,,,
originpc.com,1,,,,
open.spotify.com,1,,,,
notebookcheck.net,1,,,,
needforseatusa.com,1,,,,
mixcloud.com,1,,,,
megamanleaderboards.net,1,,,,
meesheroni.com,1,,,,
manacrystals.com,1,,,,
madrinascoffee.com,1,,,,
lvlupdojo.com,1,,,,
lethalfrag.com,1,,,,
jinx.com,1,,,,
jellybelly.com,1,,,,
janson.com,1,,,,
itunes.apple.com,1,,,,
itmejp.com,1,,,,
ironsidecomputers.com,1,,,,
imgur.com,1,,,,
imdb.com,1,,,,
i.try.games,1,,,,
i.imgur.com,1,,,,
i.hizliresim.com,1,,,,
hyperxgaming.com,1,,,,
humblebundle.com,1,,,,
help.twitch.tv,1,,,,
hearthstoneplayers.com,1,,,,
gunnar.com,1,,,,
greenmangaming.com,1,,,,
gillette.com,1,,,,
geico.com,1,,,,
geekfuel.com,1,,,,
gamingforgood.net,1,,,,
gameekstra.com,1,,,,
g2a.com,1,,,,
finalmouse.com,1,,,,
en-us.sennheiser.com,1,,,,
elgato.com,1,,,,
dyrus.fanfiber.com,1,,,,
dxracer.com,1,,,,
dpaste.com,1,,,,
disguisedtoast.com,1,,,,
discord.me,1,,,,
dell.com,1,,,,
curse.com,1,,,,
csgolive.com,1,,,,
crunchyroll.com,1,,,,
community.itmejp.com,1,,,,
cobaltstreak.com,1,,,,
cmha.ca,1,,,,
cloud9.gg,1,,,,
chrono.gg,1,,,,
chillhop.lnk.to,1,,,,
cheekyferret.tumblr.com,1,,,,
ca.movember.com,1,,,,
bynogame.com,1,,,,
boom.tv,1,,,,
bobrossgame.com,1,,,,
bobross.com,1,,,,
ballistixgaming.com,1,,,,
autism-society.org,1,,,,
astore.amazon.com,1,,,,
astore.amazon.ca,1,,,,
aocgaming.com,1,,,,
anticide.deviantart.com,1,,,,
amazon.ca,1,,,,
accounts.google.com,1,,,,
5v5.vainglorygame.com,1,,,,
